{"shp_0_42":[[47.483688354,7.5462784767,47.48368454,7.5464272499],["1.TA.91-10-A-j22-1.2.H","TA+k8700","91-10-A-j22-1"]],"shp_0_573":[[47.483688354,7.5462784767,47.48368454,7.5464272499],["1.TA.91-10-A-j22-1.1.H","TA+k8700","91-10-A-j22-1"],["1.TA.91-10-A-j22-1.3.H","TA+k8700","91-10-A-j22-1"]],"shp_2_13478":[[47.098239899,6.8255023956,47.097240448,6.8237323761],["117.TA.91-20-Y-j22-1.13.R","TA+dny10","91-20-Y-j22-1"]],"shp_3_5378":[[47.187507629,7.4942278862,47.187580109,7.4943995476],["1.TA.92-8-L-j22-1.1.H","TA+3n","92-8-L-j22-1"]]}